t001-bare-cli-todo-app-r1	bare	cli-todo-app	1
t002-dex-long-refactor-inheritance-r1	dex	long-refactor-inheritance	1
t003-dex-long-refactor-inheritance-r3	dex	long-refactor-inheritance	3
t004-dex-oss-bug-triage-r2	dex	oss-bug-triage	2
t005-bare-buggy-code-fix-r3	bare	buggy-code-fix	3
t006-bare-cli-todo-app-r3	bare	cli-todo-app	3
t007-dex-cli-todo-app-r1	dex	cli-todo-app	1
t008-bare-oss-bug-triage-r1	bare	oss-bug-triage	1
t009-dex-oss-bug-triage-r1	dex	oss-bug-triage	1
t010-dex-long-refactor-inheritance-r2	dex	long-refactor-inheritance	2
t011-bare-cli-todo-app-r2	bare	cli-todo-app	2
t012-dex-cli-todo-app-r2	dex	cli-todo-app	2
t013-bare-long-refactor-inheritance-r3	bare	long-refactor-inheritance	3
t014-bare-buggy-code-fix-r1	bare	buggy-code-fix	1
t015-dex-oss-bug-triage-r3	dex	oss-bug-triage	3
t016-dex-buggy-code-fix-r3	dex	buggy-code-fix	3
t017-dex-buggy-code-fix-r1	dex	buggy-code-fix	1
t018-bare-long-refactor-inheritance-r2	bare	long-refactor-inheritance	2
t019-dex-cli-todo-app-r3	dex	cli-todo-app	3
t020-dex-buggy-code-fix-r2	dex	buggy-code-fix	2
t021-bare-oss-bug-triage-r2	bare	oss-bug-triage	2
t022-bare-long-refactor-inheritance-r1	bare	long-refactor-inheritance	1
t023-bare-buggy-code-fix-r2	bare	buggy-code-fix	2
t024-bare-oss-bug-triage-r3	bare	oss-bug-triage	3
